Date,APPL,MSFT
1/3/2007,83.8,29.86
1/4/2007,85.66,29.81
1/5/2007,85.05,29.64
1/8/2007,85.47,29.93
1/9/2007,92.57,29.96
1/10/2007,97,29.66
1/11/2007,95.8,30.7
1/12/2007,94.62,31.21
1/16/2007,97.1,31.16
1/17/2007,94.95,31.1
1/18/2007,89.07,31
1/19/2007,88.5,31.11
1/22/2007,86.79,30.72
1/23/2007,85.7,30.74
1/24/2007,86.7,31.09
1/25/2007,86.25,30.45
1/26/2007,85.38,30.6
1/29/2007,85.94,30.53
1/30/2007,85.55,30.48
1/31/2007,85.73,30.86
2/1/2007,84.74,30.56
2/2/2007,84.75,30.19
2/5/2007,83.94,29.61
2/6/2007,84.15,29.51
2/7/2007,86.15,29.37
2/8/2007,86.18,29.26
2/9/2007,83.27,28.98
2/12/2007,84.88,28.94
2/13/2007,84.7,29.01
2/14/2007,85.3,29.4
2/15/2007,85.21,29.46
2/16/2007,84.83,28.74
2/20/2007,85.9,28.83
2/21/2007,89.2,29.35
2/22/2007,89.51,29.39
2/23/2007,89.07,28.9
2/26/2007,88.51,29.07
2/27/2007,83.93,27.87
2/28/2007,84.61,28.17
3/1/2007,87.06,28.09
3/2/2007,85.41,27.76
3/5/2007,86.32,27.55
3/6/2007,88.19,27.83
3/7/2007,87.72,27.61
3/8/2007,88,27.32
3/9/2007,87.97,27.29
3/12/2007,89.87,27.44
3/13/2007,88.4,26.72
3/14/2007,90,27.4
3/15/2007,89.57,27.28
3/16/2007,89.59,27.33
3/19/2007,91.13,27.83
3/20/2007,91.48,27.84
3/21/2007,93.87,28.52
3/22/2007,93.96,28.27
3/23/2007,93.52,28.02
3/26/2007,95.85,28.22
3/27/2007,95.46,27.72
3/28/2007,93.24,27.64
3/29/2007,93.75,27.75
3/30/2007,92.91,27.87
4/2/2007,93.65,27.74
4/3/2007,94.5,27.87
4/4/2007,94.27,28.5
4/5/2007,94.68,28.55
4/9/2007,93.65,28.57
4/10/2007,94.25,28.4
4/11/2007,92.59,28.11
4/12/2007,92.19,28.54
4/13/2007,90.24,28.61
4/16/2007,91.43,28.73
4/17/2007,90.35,28.85
4/18/2007,90.4,28.6
4/19/2007,90.27,28.69
4/20/2007,90.97,29.02
4/23/2007,93.51,28.78
4/24/2007,93.24,28.79
4/25/2007,95.35,28.99
4/26/2007,98.84,29.1
4/27/2007,99.92,30.12
4/30/2007,99.8,29.94
5/1/2007,99.47,30.4
5/2/2007,100.39,30.61
5/3/2007,100.4,30.97
5/4/2007,100.81,30.56
5/7/2007,103.92,30.71
5/8/2007,105.06,30.75
5/9/2007,106.88,30.78
5/10/2007,107.34,30.58
5/11/2007,108.74,30.89
5/14/2007,109.36,30.97
5/15/2007,107.52,30.9
5/16/2007,107.34,31.07
5/17/2007,109.44,30.98
5/18/2007,110.02,30.83
5/21/2007,111.98,31.05
5/22/2007,113.54,30.69
5/23/2007,112.89,30.58
5/24/2007,110.69,30.17
5/25/2007,113.62,30.48
5/29/2007,114.35,30.79
5/30/2007,118.77,31.11
5/31/2007,121.19,30.69
6/1/2007,118.4,30.59
6/4/2007,121.33,30.72
6/5/2007,122.67,30.58
6/6/2007,123.64,30.29
6/7/2007,124.07,29.62
6/8/2007,124.49,30.05
6/11/2007,120.19,30.02
6/12/2007,120.38,29.85
6/13/2007,117.5,30.39
6/14/2007,118.75,30.52
6/15/2007,120.5,30.49
6/18/2007,125.09,30.51
6/19/2007,123.66,30.46
6/20/2007,121.55,30.01
6/21/2007,123.9,30.22
6/22/2007,123,29.49
6/25/2007,122.34,29.49
6/26/2007,119.65,29.52
6/27/2007,121.89,29.87
6/28/2007,120.56,29.83
6/29/2007,122.04,29.47
7/2/2007,121.26,29.74
7/3/2007,127.17,30.02
7/5/2007,132.75,29.99
7/6/2007,132.3,29.97
7/9/2007,130.33,29.87
7/10/2007,132.35,29.33
7/11/2007,132.39,29.49
7/12/2007,134.07,30.07
7/13/2007,137.73,29.82
7/16/2007,138.1,30.03
7/17/2007,138.91,30.78
7/18/2007,138.12,30.92
7/19/2007,140,31.51
7/20/2007,143.75,31.16
7/23/2007,143.7,31.19
7/24/2007,134.89,30.8
7/25/2007,137.26,30.71
7/26/2007,146,29.98
7/27/2007,143.85,29.39
7/30/2007,141.43,29.4
7/31/2007,131.76,28.99
8/1/2007,135,29.3
8/2/2007,136.49,29.52
8/3/2007,131.85,28.96
8/6/2007,135.25,29.54
8/7/2007,135.03,29.55
8/8/2007,134.01,30
8/9/2007,126.39,29.3
8/10/2007,125,28.71
8/13/2007,127.79,28.63
8/14/2007,124.03,28.27
8/15/2007,119.9,28.1
8/16/2007,117.05,27.81
8/17/2007,122.06,28.25
8/20/2007,122.22,28.26
8/21/2007,127.57,28.07
8/22/2007,132.51,28.22
8/23/2007,131.07,28.3
8/24/2007,135.3,28.81
8/27/2007,132.25,28.49
8/28/2007,126.82,27.93
8/29/2007,134.08,28.59
8/30/2007,136.25,28.45
8/31/2007,138.48,28.73
9/4/2007,144.16,28.81
9/5/2007,136.76,28.48
9/6/2007,135.01,28.91
9/7/2007,131.77,28.44
9/10/2007,136.71,28.48
9/11/2007,135.49,28.93
9/12/2007,136.85,28.93
9/13/2007,137.2,29.16
9/14/2007,138.81,29.04
9/17/2007,138.41,28.73
9/18/2007,140.92,28.93
9/19/2007,140.77,28.67
9/20/2007,140.31,28.42
9/21/2007,144.15,28.65
9/24/2007,148.28,29.08
9/25/2007,153.18,29.56
9/26/2007,152.77,29.5
9/27/2007,154.5,29.49
9/28/2007,153.47,29.46
10/1/2007,156.34,29.77
10/2/2007,158.45,29.7
10/3/2007,157.92,29.45
10/4/2007,156.24,29.71
10/5/2007,161.45,29.84
10/8/2007,167.91,29.84
10/9/2007,167.86,30.1
10/10/2007,166.79,30.23
10/11/2007,162.23,29.91
10/12/2007,167.25,30.17
10/15/2007,166.98,30.04
10/16/2007,169.58,30.32
10/17/2007,172.75,31.08
10/18/2007,173.5,31.16
10/19/2007,170.42,30.17
10/22/2007,174.36,30.51
10/23/2007,186.16,30.9
10/24/2007,185.93,31.25
10/25/2007,182.78,31.99
10/26/2007,184.7,35.03
10/29/2007,185.09,34.57
10/30/2007,187,35.57
10/31/2007,189.95,36.81
11/1/2007,187.44,37.06
11/2/2007,187.87,37.06
11/5/2007,186.18,36.73
11/6/2007,191.79,36.41
11/7/2007,186.3,35.52
11/8/2007,175.47,34.74
11/9/2007,165.37,33.73
11/12/2007,153.76,33.38
11/13/2007,169.96,34.46
11/14/2007,166.11,33.93
11/15/2007,164.3,33.76
11/16/2007,166.39,34.09
11/19/2007,163.95,33.96
11/20/2007,168.85,34.58
11/21/2007,168.46,34.23
11/23/2007,171.54,34.11
11/26/2007,172.54,32.97
11/27/2007,174.81,33.06
11/28/2007,180.22,33.7
11/29/2007,184.29,33.59
11/30/2007,182.22,33.6
12/3/2007,178.86,32.92
12/4/2007,179.81,32.77
12/5/2007,185.5,34.15
12/6/2007,189.95,34.55
12/7/2007,194.3,34.53
12/10/2007,194.21,34.76
12/11/2007,188.54,34.1
12/12/2007,190.86,34.47
12/13/2007,191.83,35.22
12/14/2007,190.39,35.31
12/17/2007,184.4,34.39
12/18/2007,182.98,34.74
12/19/2007,183.12,34.79
12/20/2007,187.21,35.52
12/21/2007,193.91,36.06
12/24/2007,198.8,36.58
12/26/2007,198.95,36.61
12/27/2007,198.57,35.97
12/28/2007,199.83,36.12
12/31/2007,198.08,35.6
1/2/2008,194.84,35.22
1/3/2008,194.93,35.37
1/4/2008,180.05,34.38
1/7/2008,177.64,34.61
1/8/2008,171.25,33.45
1/9/2008,179.4,34.44
1/10/2008,178.02,34.33
1/11/2008,172.69,33.91
1/14/2008,178.78,34.39
1/15/2008,169.04,34
1/16/2008,159.64,33.23
1/17/2008,160.89,33.11
1/18/2008,161.36,33.01
1/22/2008,155.64,31.96
1/23/2008,139.07,31.93
1/24/2008,135.6,33.25
1/25/2008,130.01,32.94
1/28/2008,130.01,32.72
1/29/2008,131.54,32.6
1/30/2008,132.18,32.2
1/31/2008,135.36,32.6
2/1/2008,133.75,30.45
2/4/2008,131.65,30.19
2/5/2008,129.36,29.07
2/6/2008,122,28.52
2/7/2008,121.24,28.12
2/8/2008,125.48,28.56
2/11/2008,129.45,28.21
2/12/2008,124.86,28.34
2/13/2008,129.4,28.96
2/14/2008,127.46,28.5
2/15/2008,124.63,28.42
2/19/2008,122.18,28.17
2/20/2008,123.82,28.22
2/21/2008,121.54,28.1
2/22/2008,119.46,27.68
2/25/2008,119.74,27.84
2/26/2008,119.15,28.38
2/27/2008,122.96,28.26
2/28/2008,129.91,27.93
2/29/2008,125.02,27.2
3/3/2008,121.73,26.99
3/4/2008,124.62,27.59
3/5/2008,124.49,28.12
3/6/2008,120.93,27.57
3/7/2008,122.25,27.87
3/10/2008,119.69,28.05
3/11/2008,127.35,29.28
3/12/2008,126.03,28.63
3/13/2008,127.94,28.62
3/14/2008,126.61,27.96
3/17/2008,126.73,28.3
3/18/2008,132.82,29.42
3/19/2008,129.67,28.62
3/20/2008,133.27,29.18
3/24/2008,139.53,29.17
3/25/2008,140.98,29.14
3/26/2008,145.06,28.56
3/27/2008,140.25,28.05
3/28/2008,143.01,27.91
3/31/2008,143.5,28.38
4/1/2008,149.53,29.5
4/2/2008,147.49,29.16
4/3/2008,151.61,29
4/4/2008,153.08,29.16
4/7/2008,155.89,29.16
4/8/2008,152.84,28.75
4/9/2008,151.44,28.89
4/10/2008,154.55,29.11
4/11/2008,147.14,28.28
4/14/2008,147.78,28.06
4/15/2008,148.38,28.25
4/16/2008,153.7,28.95
4/17/2008,154.49,29.22
4/18/2008,161.04,30
4/21/2008,168.16,30.42
4/22/2008,160.2,30.25
4/23/2008,162.89,31.45
4/24/2008,168.94,31.8
4/25/2008,169.73,29.83
4/28/2008,172.24,28.99
4/29/2008,175.05,28.64
4/30/2008,173.95,28.52
5/1/2008,180,29.4
5/2/2008,180.94,29.24
5/5/2008,184.73,29.08
5/6/2008,186.66,29.7
5/7/2008,182.59,29.21
5/8/2008,185.06,29.27
5/9/2008,183.45,29.39
5/12/2008,188.16,29.99
5/13/2008,189.96,29.78
5/14/2008,186.26,29.93
5/15/2008,189.73,30.45
5/16/2008,187.62,29.99
5/19/2008,183.6,29.46
5/20/2008,185.9,28.76
5/21/2008,178.19,28.25
5/22/2008,177.05,28.47
5/23/2008,181.17,28.05
5/27/2008,186.43,28.44
5/28/2008,187.01,28.18
5/29/2008,186.69,28.31
5/30/2008,188.75,28.32
6/2/2008,186.1,27.8
6/3/2008,185.37,27.31
6/4/2008,185.19,27.54
6/5/2008,189.43,28.3
6/6/2008,185.64,27.49
6/9/2008,181.61,27.71
6/10/2008,185.64,27.89
6/11/2008,180.81,27.12
6/12/2008,173.26,28.24
6/13/2008,172.37,29.07
6/16/2008,176.84,28.93
6/17/2008,181.43,28.8
6/18/2008,178.75,28.46
6/19/2008,180.9,28.93
6/20/2008,175.27,28.23
6/23/2008,173.16,27.97
6/24/2008,173.25,27.73
6/25/2008,177.39,28.35
6/26/2008,168.26,27.75
6/27/2008,170.09,27.63
6/30/2008,167.44,27.51
7/1/2008,174.68,26.87
7/2/2008,168.18,25.88
7/3/2008,170.12,25.98
7/7/2008,175.16,26.03
7/8/2008,179.55,25.85
7/9/2008,174.25,25.23
7/10/2008,176.63,25.45
7/11/2008,172.58,25.25
7/14/2008,173.88,25.15
7/15/2008,169.64,26.15
7/16/2008,172.81,27.26
7/17/2008,171.81,27.52
7/18/2008,165.15,25.86
7/21/2008,166.29,25.64
7/22/2008,162.02,25.8
7/23/2008,166.26,26.43
7/24/2008,159.03,25.44
7/25/2008,162.12,26.16
7/28/2008,154.4,25.5
7/29/2008,157.08,26.11
7/30/2008,159.88,26.23
7/31/2008,158.95,25.72
8/1/2008,156.66,25.44
8/4/2008,153.23,25.28
8/5/2008,160.64,26.21
8/6/2008,164.19,27.02
8/7/2008,163.57,27.39
8/8/2008,169.55,28.13
8/11/2008,173.56,27.9
8/12/2008,176.73,28.12
8/13/2008,179.3,27.91
8/14/2008,179.32,27.91
8/15/2008,175.74,27.81
8/18/2008,175.39,27.69
8/19/2008,173.53,27.32
8/20/2008,175.84,27.29
8/21/2008,174.29,27.18
8/22/2008,176.79,27.84
8/25/2008,172.55,27.66
8/26/2008,173.64,27.27
8/27/2008,174.67,27.56
8/28/2008,173.74,27.94
8/29/2008,169.53,27.29
9/2/2008,166.19,27.1
9/3/2008,166.96,26.9
9/4/2008,161.22,26.35
9/5/2008,160.18,25.65
9/8/2008,157.92,26.12
9/9/2008,151.68,26.1
9/10/2008,151.61,26.44
9/11/2008,152.65,27.34
9/12/2008,148.94,27.62
9/15/2008,140.36,26.82
9/16/2008,139.88,25.99
9/17/2008,127.83,24.57
9/18/2008,134.09,25.26
9/19/2008,140.91,25.16
9/22/2008,131.05,25.4
9/23/2008,126.84,25.44
9/24/2008,128.71,25.72
9/25/2008,131.93,26.61
9/26/2008,128.24,27.4
9/29/2008,105.26,25.01
9/30/2008,113.66,26.69
10/1/2008,109.12,26.48
10/2/2008,100.1,26.25
10/3/2008,97.07,26.32
10/6/2008,98.14,24.91
10/7/2008,89.16,23.23
10/8/2008,89.79,23.01
10/9/2008,88.74,22.3
10/10/2008,96.8,21.5
10/13/2008,110.26,25.5
10/14/2008,104.08,24.1
10/15/2008,97.95,22.66
10/16/2008,101.89,24.19
10/17/2008,97.4,23.93
10/20/2008,98.44,24.72
10/21/2008,91.49,23.36
10/22/2008,96.87,21.53
10/23/2008,98.23,22.32
10/24/2008,96.38,21.96
10/27/2008,92.09,21.18
10/28/2008,99.91,23.1
10/29/2008,104.55,23
10/30/2008,111.04,22.63
10/31/2008,107.59,22.33
11/3/2008,106.96,22.62
11/4/2008,110.99,23.53
11/5/2008,103.3,22.08
11/6/2008,99.1,20.88
11/7/2008,98.24,21.5
11/10/2008,95.88,21.3
11/11/2008,94.77,21.2
11/12/2008,90.12,20.3
11/13/2008,96.44,21.25
11/14/2008,90.24,20.06
11/17/2008,88.14,19.32
11/18/2008,89.91,19.62
11/19/2008,86.29,18.29
11/20/2008,80.49,17.53
11/21/2008,82.58,19.68
11/24/2008,92.95,20.69
11/25/2008,90.8,19.99
11/26/2008,95,20.49
11/28/2008,92.67,20.22
12/1/2008,88.93,18.61
12/2/2008,92.47,19.15
12/3/2008,95.9,19.87
12/4/2008,91.41,19.11
12/5/2008,94,19.87
12/8/2008,99.72,21.01
12/9/2008,100.06,20.6
12/10/2008,98.21,20.61
12/11/2008,95,19.45
12/12/2008,98.27,19.36
12/15/2008,94.75,19.04
12/16/2008,95.43,20.11
12/17/2008,89.16,19.66
12/18/2008,89.43,19.3
12/19/2008,90,19.12
12/22/2008,85.74,19.18
12/23/2008,86.38,19.28
12/24/2008,85.04,19.17
12/26/2008,85.81,19.13
12/29/2008,86.61,18.96
12/30/2008,86.29,19.34
12/31/2008,85.35,19.44
1/2/2009,90.75,20.33
1/5/2009,94.58,20.52
1/6/2009,93.02,20.76
1/7/2009,91.01,19.51
1/8/2009,92.7,20.12
1/9/2009,90.58,19.52
1/12/2009,88.66,19.47
1/13/2009,87.71,19.82
1/14/2009,85.33,19.09
1/15/2009,83.38,19.24
1/16/2009,82.33,19.71
1/20/2009,78.2,18.48
1/21/2009,82.83,19.38
1/22/2009,88.36,17.11
1/23/2009,88.36,17.2
1/26/2009,89.64,17.63
1/27/2009,90.73,17.66
1/28/2009,94.2,18.04
1/29/2009,93,17.59
1/30/2009,90.13,17.1
2/2/2009,91.51,17.83
2/3/2009,92.98,18.5
2/4/2009,93.55,18.63
2/5/2009,96.46,19.04
2/6/2009,99.72,19.66
2/9/2009,102.51,19.44
2/10/2009,97.83,18.8
2/11/2009,96.82,19.21
2/12/2009,99.27,19.26
2/13/2009,99.16,19.09
2/17/2009,94.53,18.09
2/18/2009,94.37,18.12
2/19/2009,90.64,17.91
2/20/2009,91.2,18
2/23/2009,86.95,17.21
2/24/2009,90.25,17.17
2/25/2009,91.16,16.96
2/26/2009,89.19,16.42
2/27/2009,89.31,16.15
3/2/2009,87.94,15.79
3/3/2009,88.37,15.88
3/4/2009,91.17,16.12
3/5/2009,88.84,15.27
3/6/2009,85.3,15.28
3/9/2009,83.11,15.15
3/10/2009,88.63,16.48
3/11/2009,92.68,17.11
3/12/2009,96.35,17.01
3/13/2009,95.93,16.65
3/16/2009,95.42,16.25
3/17/2009,99.66,16.9
3/18/2009,101.52,16.96
3/19/2009,101.62,17.14
3/20/2009,101.59,17.06
3/23/2009,107.66,18.33
3/24/2009,106.5,17.93
3/25/2009,106.49,17.88
3/26/2009,109.87,18.83
3/27/2009,106.85,18.13
3/30/2009,104.49,17.48
3/31/2009,105.12,18.37
4/1/2009,108.69,19.31
4/2/2009,112.71,19.29
4/3/2009,115.99,18.75
4/6/2009,118.45,18.76
4/7/2009,115,18.76
4/8/2009,116.32,19.19
4/9/2009,119.57,19.67
4/13/2009,120.22,19.59
4/14/2009,118.31,19.35
4/15/2009,117.64,18.83
4/16/2009,121.45,19.76
4/17/2009,123.42,19.2
4/20/2009,120.5,18.61
4/21/2009,121.76,18.97
4/22/2009,121.51,18.78
4/23/2009,125.4,18.92
4/24/2009,123.9,20.91
4/27/2009,124.73,20.4
4/28/2009,123.9,19.93
4/29/2009,125.14,20.25
4/30/2009,125.83,20.26
5/1/2009,127.24,20.24
5/4/2009,132.07,20.19
5/5/2009,132.71,19.79
5/6/2009,132.5,19.79
5/7/2009,129.06,19.32
5/8/2009,129.19,19.42
5/11/2009,129.57,19.32
5/12/2009,124.42,19.89
5/13/2009,119.49,19.75
5/14/2009,122.95,20.06
5/15/2009,122.42,20.22
5/18/2009,126.65,20.6
5/19/2009,127.45,20.31
5/20/2009,125.87,20.38
5/21/2009,124.18,19.82
5/22/2009,122.5,19.75
5/26/2009,130.78,20.34
5/27/2009,133.05,20.13
5/28/2009,135.07,20.45
5/29/2009,135.81,20.89
6/1/2009,139.35,21.4
6/2/2009,139.49,21.4
6/3/2009,140.95,21.73
6/4/2009,143.74,21.83
6/5/2009,144.67,22.14
6/8/2009,143.85,22.05
6/9/2009,142.72,22.08
6/10/2009,140.25,22.55
6/11/2009,139.95,22.83
6/12/2009,136.97,23.33
6/15/2009,136.09,23.42
6/16/2009,136.35,23.45
6/17/2009,135.58,23.68
6/18/2009,135.88,23.5
6/19/2009,139.48,24.07
6/22/2009,137.37,23.28
6/23/2009,134.01,23.34
6/24/2009,136.22,23.47
6/25/2009,139.86,23.79
6/26/2009,142.44,23.35
6/29/2009,141.97,23.86
6/30/2009,142.43,23.77
7/1/2009,142.83,24.04
7/2/2009,140.02,23.37
7/6/2009,138.61,23.2
7/7/2009,135.4,22.53
7/8/2009,137.22,22.56
7/9/2009,136.36,22.44
7/10/2009,138.52,22.39
7/13/2009,142.34,23.23
7/14/2009,142.27,23.11
7/15/2009,146.88,24.12
7/16/2009,147.52,24.44
7/17/2009,151.75,24.29
7/20/2009,152.91,24.53
7/21/2009,151.51,24.83
7/22/2009,156.74,24.8
7/23/2009,157.82,25.56
7/24/2009,159.99,23.45
7/27/2009,160.1,23.11
7/28/2009,160,23.47
7/29/2009,160.03,23.8
7/30/2009,162.79,23.81
7/31/2009,163.39,23.52
8/3/2009,166.43,23.83
8/4/2009,165.55,23.77
8/5/2009,165.11,23.81
8/6/2009,163.91,23.46
8/7/2009,165.51,23.56
8/10/2009,164.72,23.42
8/11/2009,162.83,23.13
8/12/2009,165.31,23.53
8/13/2009,168.42,23.62
8/14/2009,166.78,23.69
8/17/2009,159.59,23.25
8/18/2009,164,23.58
8/19/2009,164.6,23.65
8/20/2009,166.33,23.67
8/21/2009,169.22,24.41
8/24/2009,169.06,24.64
8/25/2009,169.4,24.64
8/26/2009,167.41,24.55
8/27/2009,169.45,24.69
8/28/2009,170.05,24.68
8/31/2009,168.21,24.65
9/1/2009,165.3,24
9/2/2009,165.18,23.86
9/3/2009,166.55,24.11
9/4/2009,170.31,24.62
9/8/2009,172.93,24.82
9/9/2009,171.14,24.78
9/10/2009,172.56,25
9/11/2009,172.16,24.86
9/14/2009,173.72,25
9/15/2009,175.16,25.2
9/16/2009,181.87,25.2
9/17/2009,184.55,25.3
9/18/2009,185.02,25.26
9/21/2009,184.02,25.3
9/22/2009,184.48,25.77
9/23/2009,185.5,25.71
9/24/2009,183.82,25.94
9/25/2009,182.37,25.55
9/28/2009,186.15,25.83
9/29/2009,185.38,25.75
9/30/2009,185.35,25.72
10/1/2009,180.86,24.88
10/2/2009,184.9,24.96
10/5/2009,186.02,24.64
10/6/2009,190.01,25.11
10/7/2009,190.25,25.1
10/8/2009,189.27,25.67
10/9/2009,190.47,25.55
10/12/2009,190.81,25.72
10/13/2009,190.02,25.81
10/14/2009,191.29,25.96
10/15/2009,190.56,26.71
10/16/2009,188.05,26.5
10/19/2009,189.86,26.36
10/20/2009,198.76,26.37
10/21/2009,204.92,26.58
10/22/2009,205.2,26.59
10/23/2009,203.94,28.02
10/26/2009,202.48,28.68
10/27/2009,197.37,28.59
10/28/2009,192.4,28.02
10/29/2009,196.35,28.22
10/30/2009,188.5,27.73
11/2/2009,189.31,27.88
11/3/2009,188.75,27.53
11/4/2009,190.81,28.06
11/5/2009,194.03,28.47
11/6/2009,194.34,28.52
11/9/2009,201.46,28.99
11/10/2009,202.98,29.01
11/11/2009,203.25,29.12
11/12/2009,201.99,29.36
11/13/2009,204.45,29.63
11/16/2009,206.63,29.54
11/17/2009,207,30
11/18/2009,205.96,30.11
11/19/2009,200.51,29.78
11/20/2009,199.92,29.62
11/23/2009,205.88,29.94
11/24/2009,204.44,29.91
11/25/2009,204.19,29.79
11/27/2009,200.59,29.22
11/30/2009,199.91,29.41
12/1/2009,196.97,30.01
12/2/2009,196.23,29.78
12/3/2009,196.48,29.83
12/4/2009,193.32,29.98
12/7/2009,188.95,29.79
12/8/2009,189.87,29.57
12/9/2009,197.8,29.71
12/10/2009,196.43,29.87
12/11/2009,194.67,29.85
12/14/2009,196.98,30.11
12/15/2009,194.17,30.02
12/16/2009,195.03,30.1
12/17/2009,191.86,29.6
12/18/2009,195.43,30.36
12/21/2009,198.23,30.52
12/22/2009,200.36,30.82
12/23/2009,202.1,30.92
12/24/2009,209.04,31
12/28/2009,211.61,31.17
12/29/2009,209.1,31.39
12/30/2009,211.64,30.96
12/31/2009,210.73,30.48
1/4/2010,214.01,30.95
1/5/2010,214.38,30.96
1/6/2010,210.97,30.77
1/7/2010,210.58,30.45
1/8/2010,211.98,30.66
1/11/2010,210.11,30.27
1/12/2010,207.72,30.07
1/13/2010,210.65,30.35
1/14/2010,209.43,30.96
1/15/2010,205.93,30.86
1/19/2010,215.04,31.1
1/20/2010,211.73,30.59
1/21/2010,208.07,30.01
1/22/2010,197.75,28.96
1/25/2010,203.07,29.32
1/26/2010,205.94,29.5
1/27/2010,207.88,29.67
1/28/2010,199.29,29.16
1/29/2010,192.06,28.18
2/1/2010,194.73,28.41
2/2/2010,195.86,28.46
2/3/2010,199.23,28.63
2/4/2010,192.05,27.84
2/5/2010,195.46,28.02
2/8/2010,194.12,27.72
2/9/2010,196.19,28.01
2/10/2010,195.12,27.99
2/11/2010,198.67,28.12
2/12/2010,200.38,27.93
2/16/2010,203.4,28.35
2/17/2010,202.55,28.59
2/18/2010,202.93,28.97
2/19/2010,201.67,28.77
2/22/2010,200.42,28.73
2/23/2010,197.06,28.33
2/24/2010,200.66,28.63
2/25/2010,202,28.6
2/26/2010,204.62,28.67
3/1/2010,208.99,29.02
3/2/2010,208.85,28.46
3/3/2010,209.33,28.46
3/4/2010,210.71,28.63
3/5/2010,218.95,28.59
3/8/2010,219.08,28.63
3/9/2010,223.02,28.8
3/10/2010,224.84,28.97
3/11/2010,225.5,29.18
3/12/2010,226.6,29.27
3/15/2010,223.84,29.29
3/16/2010,224.45,29.37
3/17/2010,224.12,29.63
3/18/2010,224.65,29.61
3/19/2010,222.25,29.59
3/22/2010,224.75,29.6
3/23/2010,228.36,29.88
3/24/2010,229.37,29.65
3/25/2010,226.65,30.01
3/26/2010,230.9,29.66
3/29/2010,232.39,29.59
3/30/2010,235.85,29.77
3/31/2010,235,29.29
4/1/2010,235.97,29.16
4/5/2010,238.49,29.27
4/6/2010,239.54,29.32
4/7/2010,240.6,29.35
4/8/2010,239.95,29.92
4/9/2010,241.79,30.34
4/12/2010,242.29,30.32
4/13/2010,242.43,30.45
4/14/2010,245.69,30.82
4/15/2010,248.92,30.87
4/16/2010,247.4,30.67
4/19/2010,247.07,31.04
4/20/2010,244.59,31.36
4/21/2010,259.22,31.33
4/22/2010,266.47,31.39
4/23/2010,270.83,30.96
4/26/2010,269.5,31.11
4/27/2010,262.04,30.85
4/28/2010,261.6,30.91
4/29/2010,268.64,31
4/30/2010,261.09,30.54
5/3/2010,266.35,30.86
5/4/2010,258.68,30.13
5/5/2010,255.99,29.85
5/6/2010,246.25,28.98
5/7/2010,235.86,28.21
5/10/2010,253.99,28.94
5/11/2010,256.52,28.88
5/12/2010,262.09,29.44
5/13/2010,258.36,29.24
5/14/2010,253.82,28.93
5/17/2010,254.22,28.94
5/18/2010,252.36,28.6
5/19/2010,248.34,28.24
5/20/2010,237.76,27.11
5/21/2010,242.32,26.84
5/24/2010,246.76,26.27
5/25/2010,245.22,26.07
5/26/2010,244.11,25.01
5/27/2010,253.35,26
5/28/2010,256.88,25.8
6/1/2010,260.83,25.89
6/2/2010,263.95,26.46
6/3/2010,263.12,26.86
6/4/2010,255.96,25.79
6/7/2010,250.94,25.29
6/8/2010,249.33,25.11
6/9/2010,243.2,24.79
6/10/2010,250.51,25
6/11/2010,253.51,25.66
6/14/2010,254.28,25.5
6/15/2010,259.69,26.58
6/16/2010,267.25,26.32
6/17/2010,271.87,26.37
6/18/2010,274.07,26.44
6/21/2010,270.17,25.95
6/22/2010,273.85,25.77
6/23/2010,270.97,25.31
6/24/2010,269,25
6/25/2010,266.7,24.53
6/28/2010,268.3,24.31
6/29/2010,256.17,23.31
6/30/2010,251.53,23.01
7/1/2010,248.48,23.16
7/2/2010,246.94,23.27
7/6/2010,248.63,23.82
7/7/2010,258.67,24.3
7/8/2010,258.09,24.41
7/9/2010,259.62,24.27
7/12/2010,257.29,24.83
7/13/2010,251.8,25.13
7/14/2010,252.73,25.44
7/15/2010,251.45,25.51
7/16/2010,249.9,24.89
7/19/2010,245.58,25.23
7/20/2010,251.89,25.48
7/21/2010,254.24,25.12
7/22/2010,259.02,25.84
7/23/2010,259.94,25.81
7/26/2010,259.28,26.1
7/27/2010,264.08,26.16
7/28/2010,260.96,25.95
7/29/2010,258.11,26.03
7/30/2010,257.25,25.81
8/2/2010,261.85,26.33
8/3/2010,261.93,26.16
8/4/2010,262.98,25.73
8/5/2010,261.7,25.37
8/6/2010,260.09,25.55
8/9/2010,261.75,25.61
8/10/2010,259.41,25.07
8/11/2010,250.19,24.86
8/12/2010,251.79,24.49
8/13/2010,249.1,24.4
8/16/2010,247.64,24.5
8/17/2010,251.97,24.71
8/18/2010,253.07,24.82
8/19/2010,249.88,24.44
8/20/2010,249.64,24.23
8/23/2010,245.8,24.28
8/24/2010,239.93,24.04
8/25/2010,242.89,24.1
8/26/2010,240.28,23.82
8/27/2010,241.62,23.93
8/30/2010,242.5,23.64
8/31/2010,243.1,23.47
9/1/2010,250.33,23.9
9/2/2010,252.17,23.94
9/3/2010,258.77,24.29
9/7/2010,257.81,23.96
9/8/2010,262.92,23.93
9/9/2010,263.07,24.01
9/10/2010,263.41,23.85
9/13/2010,267.04,25.11
9/14/2010,268.06,25.03
9/15/2010,270.22,25.12
9/16/2010,276.57,25.33
9/17/2010,275.37,25.22
9/20/2010,283.23,25.43
9/21/2010,283.77,25.15
9/22/2010,287.75,24.61
9/23/2010,288.92,24.43
9/24/2010,292.32,24.78
9/27/2010,291.16,24.73
9/28/2010,286.86,24.68
9/29/2010,287.37,24.5
9/30/2010,283.75,24.49
10/1/2010,282.52,24.38
10/4/2010,278.64,23.91
10/5/2010,288.94,24.35
10/6/2010,289.19,24.43
10/7/2010,289.22,24.53
10/8/2010,294.07,24.57
10/11/2010,295.36,24.59
10/12/2010,298.54,24.83
10/13/2010,300.14,25.34
10/14/2010,302.31,25.23
10/15/2010,314.74,25.54
10/18/2010,318,25.82
10/19/2010,309.49,25.1
10/20/2010,310.53,25.31
10/21/2010,309.52,25.42
10/22/2010,307.47,25.38
10/25/2010,308.84,25.19
10/26/2010,308.05,25.9
10/27/2010,307.83,26.05
10/28/2010,305.24,26.28
10/29/2010,300.98,26.67
11/1/2010,304.18,26.95
11/2/2010,309.36,27.39
11/3/2010,312.8,27.03
11/4/2010,318.27,27.14
11/5/2010,317.13,26.85
11/8/2010,318.62,26.81
11/9/2010,316.08,26.95
11/10/2010,318.03,26.94
11/11/2010,316.65,26.68
11/12/2010,308.03,26.27
11/15/2010,307.04,26.2
11/16/2010,301.59,25.81
11/17/2010,300.5,25.57
11/18/2010,308.43,25.84
11/19/2010,306.73,25.69
11/22/2010,313.36,25.73
11/23/2010,308.73,25.12
11/24/2010,314.8,25.37
11/26/2010,315,25.25
11/29/2010,316.87,25.31
11/30/2010,311.15,25.26
12/1/2010,316.4,26.04
12/2/2010,318.15,26.89
12/3/2010,317.44,27.02
12/6/2010,320.15,26.84
12/7/2010,318.21,26.87
12/8/2010,321.01,27.23
12/9/2010,319.76,27.08
12/10/2010,320.56,27.34
12/13/2010,321.67,27.25
12/14/2010,320.29,27.62
12/15/2010,320.36,27.85
12/16/2010,321.25,27.99
12/17/2010,320.61,27.9
12/20/2010,322.21,27.81
12/21/2010,324.2,28.07
12/22/2010,325.16,28.19
12/23/2010,323.6,28.3
12/27/2010,324.68,28.07
12/28/2010,325.47,28.01
12/29/2010,325.29,27.97
12/30/2010,323.66,27.85
12/31/2010,322.56,27.91
1/3/2011,329.57,27.98
1/4/2011,331.29,28.09
1/5/2011,334,28
1/6/2011,333.73,28.82
1/7/2011,336.12,28.6
1/10/2011,342.45,28.22
1/11/2011,341.64,28.11
1/12/2011,344.42,28.55
1/13/2011,345.68,28.19
1/14/2011,348.48,28.3
1/18/2011,340.65,28.66
1/19/2011,338.84,28.47
1/20/2011,332.68,28.35
1/21/2011,326.72,28.02
1/24/2011,337.45,28.38
1/25/2011,341.4,28.45
1/26/2011,343.85,28.78
1/27/2011,343.21,28.87
1/28/2011,336.1,27.75
1/31/2011,339.32,27.73
2/1/2011,345.03,27.99
2/2/2011,344.32,27.94
2/3/2011,343.44,27.65
2/4/2011,346.5,27.77
2/7/2011,351.88,28.2
2/8/2011,355.2,28.28
2/9/2011,358.16,27.97
2/10/2011,354.54,27.5
2/11/2011,356.85,27.25
2/14/2011,359.18,27.23
2/15/2011,359.9,26.96
2/16/2011,363.13,27.02
2/17/2011,358.3,27.21
2/18/2011,350.56,27.06
2/22/2011,338.61,26.59
2/23/2011,342.62,26.59
2/24/2011,342.88,26.77
2/25/2011,348.16,26.55
2/28/2011,353.21,26.58
3/1/2011,349.31,26.16
3/2/2011,352.12,26.08
3/3/2011,359.56,26.2
3/4/2011,360,25.95
3/7/2011,355.36,25.72
3/8/2011,355.76,25.91
3/9/2011,352.47,25.89
3/10/2011,346.67,25.41
3/11/2011,351.99,25.68
3/14/2011,353.56,25.69
3/15/2011,345.43,25.39
3/16/2011,330.01,24.79
3/17/2011,334.64,24.78
3/18/2011,330.67,24.8
3/21/2011,339.3,25.33
3/22/2011,341.2,25.3
3/23/2011,339.19,25.54
3/24/2011,344.97,25.81
3/25/2011,351.54,25.62
3/28/2011,350.44,25.41
3/29/2011,350.96,25.49
3/30/2011,348.63,25.61
3/31/2011,348.51,25.39
4/1/2011,344.56,25.48
4/4/2011,341.19,25.55
4/5/2011,338.89,25.78
4/6/2011,338.04,26.15
4/7/2011,338.08,26.2
4/8/2011,335.06,26.07
4/11/2011,330.8,25.98
4/12/2011,332.4,25.64
4/13/2011,336.13,25.63
4/14/2011,332.42,25.42
4/15/2011,327.46,25.37
4/18/2011,331.85,25.08
4/19/2011,337.86,25.15
4/20/2011,342.41,25.76
4/21/2011,350.7,25.52
4/25/2011,353.01,25.61
4/26/2011,350.42,26.19
4/27/2011,350.15,26.38
4/28/2011,346.75,26.71
4/29/2011,350.13,25.92
5/2/2011,346.28,25.66
5/3/2011,348.2,25.81
5/4/2011,349.57,26.06
5/5/2011,346.75,25.79
5/6/2011,346.66,25.87
5/9/2011,347.6,25.83
5/10/2011,349.45,25.67
5/11/2011,347.23,25.36
5/12/2011,346.57,25.32
5/13/2011,340.5,25.03
5/16/2011,333.3,24.57
5/17/2011,336.14,24.52
5/18/2011,339.87,24.69
5/19/2011,340.53,24.72
5/20/2011,335.22,24.49
5/23/2011,334.4,24.17
5/24/2011,332.19,24.15
5/25/2011,336.78,24.19
5/26/2011,335,24.67
5/27/2011,337.41,24.76
5/31/2011,347.83,25.01
6/1/2011,345.51,24.43
6/2/2011,346.1,24.22
6/3/2011,343.44,23.91
6/6/2011,338.04,24.01
6/7/2011,332.04,24.06
6/8/2011,332.24,23.94
6/9/2011,331.49,23.96
6/10/2011,325.9,23.71
6/13/2011,326.6,24.04
6/14/2011,332.44,24.22
6/15/2011,326.75,23.74
6/16/2011,325.16,24
6/17/2011,320.26,24.26
6/20/2011,315.32,24.47
6/21/2011,325.3,24.76
6/22/2011,322.61,24.65
6/23/2011,331.23,24.63
6/24/2011,326.35,24.3
6/27/2011,332.04,25.2
6/28/2011,335.26,25.8
6/29/2011,334.04,25.62
6/30/2011,335.67,26
7/1/2011,343.26,26.02
7/5/2011,349.43,26.03
7/6/2011,351.76,26.33
7/7/2011,357.2,26.77
7/8/2011,359.71,26.92
7/11/2011,354,26.63
7/12/2011,353.75,26.54
7/13/2011,358.02,26.63
7/14/2011,357.77,26.47
7/15/2011,364.92,26.78
7/18/2011,373.8,26.59
7/19/2011,376.85,27.54
7/20/2011,386.9,27.06
7/21/2011,387.29,27.1
7/22/2011,393.3,27.53
7/25/2011,398.5,27.91
7/26/2011,403.41,28.08
7/27/2011,392.59,27.33
7/28/2011,391.82,27.72
7/29/2011,390.48,27.4
8/1/2011,396.75,27.27
8/2/2011,388.91,26.8
8/3/2011,392.57,26.92
8/4/2011,377.37,25.94
8/5/2011,373.62,25.68
8/8/2011,353.21,24.48
8/9/2011,374.01,25.58
8/10/2011,363.69,24.2
8/11/2011,373.7,25.19
8/12/2011,376.99,25.1
8/15/2011,383.41,25.51
8/16/2011,380.48,25.35
8/17/2011,380.44,25.25
8/18/2011,366.05,24.67
8/19/2011,356.03,24.05
8/22/2011,356.44,23.98
8/23/2011,373.6,24.72
8/24/2011,376.18,24.9
8/25/2011,373.72,24.57
8/26/2011,383.58,25.25
8/29/2011,389.97,25.84
8/30/2011,389.99,26.23
8/31/2011,384.83,26.6
9/1/2011,381.03,26.21
9/2/2011,374.05,25.8
9/6/2011,379.74,25.51
9/7/2011,383.93,26
9/8/2011,384.14,26.22
9/9/2011,377.48,25.74
9/12/2011,379.94,25.89
9/13/2011,384.62,26.04
9/14/2011,389.3,26.5
9/15/2011,392.96,26.99
9/16/2011,400.5,27.12
9/19/2011,411.63,27.21
9/20/2011,413.45,26.98
9/21/2011,412.14,25.99
9/22/2011,401.82,25.06
9/23/2011,404.3,25.06
9/26/2011,403.17,25.44
9/27/2011,399.26,25.67
9/28/2011,397.01,25.58
9/29/2011,390.57,25.45
9/30/2011,381.32,24.89
10/3/2011,374.6,24.53
10/4/2011,372.5,25.34
10/5/2011,378.25,25.89
10/6/2011,377.37,26.34
10/7/2011,369.8,26.25
10/10/2011,388.81,26.94
10/11/2011,400.29,27
10/12/2011,402.19,26.96
10/13/2011,408.43,27.18
10/14/2011,422,27.27
10/17/2011,419.99,26.98
10/18/2011,422.24,27.31
10/19/2011,398.62,27.13
10/20/2011,395.31,27.04
10/21/2011,392.87,27.16
10/24/2011,405.77,27.19
10/25/2011,397.77,26.81
10/26/2011,400.6,26.59
10/27/2011,404.69,27.25
10/28/2011,404.95,26.98
10/31/2011,404.78,26.63
11/1/2011,396.51,25.99
11/2/2011,397.41,26.01
11/3/2011,403.07,26.53
11/4/2011,400.24,26.25
11/7/2011,399.73,26.8
11/8/2011,406.23,27.16
11/9/2011,395.28,26.2
11/10/2011,385.22,26.28
11/11/2011,384.62,26.91
11/14/2011,379.26,26.76
11/15/2011,388.83,26.74
11/16/2011,384.77,26.07
11/17/2011,377.41,25.54
11/18/2011,374.94,25.3
11/21/2011,369.01,25
11/22/2011,376.51,24.79
11/23/2011,366.99,24.47
11/25/2011,363.57,24.3
11/28/2011,376.12,24.87
11/29/2011,373.2,24.84
11/30/2011,382.2,25.58
12/1/2011,387.93,25.28
12/2/2011,389.7,25.22
12/5/2011,393.01,25.7
12/6/2011,390.95,25.66
12/7/2011,389.09,25.6
12/8/2011,390.66,25.4
12/9/2011,393.62,25.7
12/12/2011,391.84,25.51
12/13/2011,388.81,25.76
12/14/2011,380.19,25.59
12/15/2011,378.94,25.56
12/16/2011,381.02,26
12/19/2011,382.21,25.53
12/20/2011,395.95,26.03
12/21/2011,396.45,25.76
12/22/2011,398.55,25.81
12/23/2011,403.33,26.03
12/27/2011,406.53,26.04
12/28/2011,402.64,25.82
12/29/2011,405.12,26.02
12/30/2011,405,25.96
1/3/2012,411.23,26.77
1/4/2012,413.44,27.4
1/5/2012,418.03,27.68
1/6/2012,422.4,28.11
1/9/2012,421.73,27.74
1/10/2012,423.24,27.84
1/11/2012,422.55,27.72
1/12/2012,421.39,28
1/13/2012,419.81,28.25
1/17/2012,424.7,28.26
1/18/2012,429.11,28.23
1/19/2012,427.75,28.12
1/20/2012,420.3,29.71
1/23/2012,427.41,29.73
1/24/2012,420.41,29.34
1/25/2012,446.66,29.56
1/26/2012,444.63,29.5
1/27/2012,447.28,29.23
1/30/2012,453.01,29.61
1/31/2012,456.48,29.53
2/1/2012,456.19,29.89
2/2/2012,455.12,29.95
2/3/2012,459.68,30.24
2/6/2012,463.97,30.2
2/7/2012,468.83,30.35
2/8/2012,476.68,30.66
2/9/2012,493.17,30.77
2/10/2012,493.42,30.5
2/13/2012,502.6,30.58
2/14/2012,509.46,30.25
2/15/2012,497.67,30.05
2/16/2012,502.21,31.29
2/17/2012,502.12,31.25
2/21/2012,514.85,31.44
2/22/2012,513.04,31.27
2/23/2012,516.39,31.37
2/24/2012,522.41,31.48
2/27/2012,525.76,31.35
2/28/2012,535.41,31.87
2/29/2012,542.44,31.74
3/1/2012,544.47,32.29
3/2/2012,545.18,32.08
3/5/2012,533.16,31.8
3/6/2012,530.26,31.56
3/7/2012,530.69,31.84
3/8/2012,541.99,32.01
3/9/2012,545.17,31.99
3/12/2012,552,32.04
3/13/2012,568.1,32.67
3/14/2012,589.58,32.77
3/15/2012,585.56,32.85
3/16/2012,585.57,32.6
3/19/2012,601.1,32.2
3/20/2012,605.96,31.99
3/21/2012,602.5,31.91
3/22/2012,599.34,32
3/23/2012,596.05,32.01
3/26/2012,606.98,32.59
3/27/2012,614.48,32.52
3/28/2012,617.62,32.19
3/29/2012,609.86,32.12
3/30/2012,599.55,32.26
4/2/2012,618.63,32.29
4/3/2012,629.32,31.94
4/4/2012,624.31,31.21
4/5/2012,633.68,31.52
4/9/2012,636.23,31.1
4/10/2012,628.44,30.47
4/11/2012,626.2,30.35
4/12/2012,622.77,30.98
4/13/2012,605.23,30.81
4/16/2012,580.13,31.08
4/17/2012,609.7,31.44
4/18/2012,608.34,31.14
4/19/2012,587.44,31.01
4/20/2012,572.98,32.42
4/23/2012,571.7,32.12
4/24/2012,560.28,31.92
4/25/2012,610,32.2
4/26/2012,607.7,32.11
4/27/2012,603,31.98
4/30/2012,583.98,32.02
5/1/2012,582.13,32.01
5/2/2012,585.98,31.8
5/3/2012,581.82,31.76
5/4/2012,565.25,30.98
5/7/2012,569.48,30.65
5/8/2012,568.18,30.5
5/9/2012,569.18,30.76
5/10/2012,570.52,30.74
5/11/2012,566.71,31.16
5/14/2012,558.22,30.68
5/15/2012,553.17,30.21
5/16/2012,546.08,29.9
5/17/2012,530.12,29.72
5/18/2012,530.38,29.27
5/21/2012,561.28,29.75
5/22/2012,556.97,29.76
5/23/2012,570.56,29.11
5/24/2012,565.32,29.07
5/25/2012,562.29,29.06
5/29/2012,572.27,29.56
5/30/2012,579.17,29.34
5/31/2012,577.73,29.19
6/1/2012,560.99,28.45
6/4/2012,564.29,28.55
6/5/2012,562.83,28.51
6/6/2012,571.46,29.35
6/7/2012,571.72,29.23
6/8/2012,580.32,29.65
6/11/2012,571.17,28.9
6/12/2012,576.16,29.29
6/13/2012,572.16,29.13
6/14/2012,571.53,29.34
6/15/2012,574.13,30.02
6/18/2012,585.78,29.84
6/19/2012,587.41,30.7
6/20/2012,585.74,30.93
6/21/2012,577.67,30.14
6/22/2012,582.1,30.7
6/25/2012,570.77,29.87
6/26/2012,572.03,30.02
6/27/2012,574.5,30.17
6/28/2012,569.05,29.91
6/29/2012,584,30.59
7/2/2012,592.52,30.56
7/3/2012,599.41,30.76
7/5/2012,609.94,30.7
7/6/2012,605.88,30.19
7/9/2012,613.89,30
7/10/2012,608.21,29.74
7/11/2012,604.43,29.3
7/12/2012,598.9,28.63
7/13/2012,604.97,29.39
7/16/2012,606.91,29.44
7/17/2012,606.94,29.66
7/18/2012,606.26,30.45
7/19/2012,614.32,30.67
7/20/2012,604.3,30.12
7/23/2012,603.83,29.28
7/24/2012,600.92,29.15
7/25/2012,574.97,28.83
7/26/2012,574.88,29.16
7/27/2012,585.16,29.76
7/30/2012,595.03,29.64
7/31/2012,610.76,29.47
8/1/2012,606.81,29.41
8/2/2012,607.79,29.19
8/3/2012,615.7,29.75
8/6/2012,622.55,29.95
8/7/2012,620.91,30.26
8/8/2012,619.86,30.33
8/9/2012,620.73,30.5
8/10/2012,621.7,30.42
8/13/2012,630,30.39
8/14/2012,631.69,30.13
8/15/2012,630.83,30.2
8/16/2012,636.34,30.78
8/17/2012,648.11,30.9
8/20/2012,665.15,30.74
8/21/2012,656.06,30.8
8/22/2012,668.87,30.54
8/23/2012,662.63,30.26
8/24/2012,663.22,30.56
8/27/2012,675.68,30.69
8/28/2012,674.8,30.63
8/29/2012,673.47,30.65
8/30/2012,663.87,30.32
8/31/2012,665.24,30.82
9/4/2012,674.97,30.39
9/5/2012,670.23,30.39
9/6/2012,676.27,31.35
9/7/2012,680.44,30.95
9/10/2012,662.74,30.72
9/11/2012,660.59,30.79
9/12/2012,669.79,30.78
9/13/2012,682.98,30.94
9/14/2012,691.28,31.21
9/17/2012,699.78,31.21
9/18/2012,701.91,31.18
9/19/2012,702.1,31.05
9/20/2012,698.7,31.45
9/21/2012,700.09,31.19
9/24/2012,690.79,30.78
9/25/2012,673.54,30.39
9/26/2012,665.18,30.17
9/27/2012,681.32,30.16
9/28/2012,667.1,29.76
10/1/2012,659.39,29.49
10/2/2012,661.31,29.66
10/3/2012,671.45,29.86
10/4/2012,666.8,30.03
10/5/2012,652.59,29.85
10/8/2012,638.17,29.78
10/9/2012,635.85,29.28
10/10/2012,640.91,28.98
10/11/2012,628.1,28.95
10/12/2012,629.71,29.2
10/15/2012,634.76,29.51
10/16/2012,649.79,29.49
10/17/2012,644.61,29.59
10/18/2012,632.64,29.5
10/19/2012,609.84,28.64
10/22/2012,634.03,28
10/23/2012,613.36,28.05
10/24/2012,616.83,27.9
10/25/2012,609.54,27.88
10/26/2012,604,28.21
10/31/2012,595.32,28.54
11/1/2012,596.54,29.52
11/2/2012,576.8,29.5
11/5/2012,584.62,29.63
11/6/2012,582.85,29.86
11/7/2012,558,29.08
11/8/2012,537.75,28.81
11/9/2012,547.06,28.83
11/12/2012,542.83,28.22
11/13/2012,542.9,27.09
11/14/2012,536.88,26.84
11/15/2012,525.62,26.66
11/16/2012,527.68,26.52
11/19/2012,565.73,26.73
11/20/2012,560.91,26.71
11/21/2012,561.7,26.95
11/23/2012,571.5,27.7
11/26/2012,589.53,27.39
11/27/2012,584.78,27.08
11/28/2012,582.94,27.36
11/29/2012,589.36,26.95
11/30/2012,585.28,26.62
12/3/2012,586.19,26.43
12/4/2012,575.85,26.37
12/5/2012,538.79,26.67
12/6/2012,547.24,26.73
12/7/2012,533.25,26.46
12/10/2012,529.82,26.94
12/11/2012,541.39,27.32
12/12/2012,539,27.24
12/13/2012,529.69,27.11
12/14/2012,509.79,26.81
12/17/2012,518.83,27.1
12/18/2012,533.9,27.56
12/19/2012,526.31,27.31
12/20/2012,521.73,27.68
12/21/2012,519.33,27.45
12/24/2012,520.17,27.06
12/26/2012,513,26.86
12/27/2012,515.06,26.96
12/28/2012,509.59,26.55
12/31/2012,532.17,26.71
1/2/2013,549.03,27.62
1/3/2013,542.1,27.25
1/4/2013,527,26.74
1/7/2013,523.9,26.69
1/8/2013,525.31,26.55
1/9/2013,517.1,26.7
1/10/2013,523.51,26.46
1/11/2013,520.3,26.83
1/14/2013,501.75,26.89
1/15/2013,485.92,27.21
1/16/2013,506.09,27.04
1/17/2013,502.68,27.25
1/18/2013,500,27.25
1/22/2013,504.77,27.15
1/23/2013,514.01,27.61
1/24/2013,450.5,27.63
1/25/2013,439.88,27.88
1/28/2013,449.83,27.91
1/29/2013,458.27,28.01
1/30/2013,456.83,27.85
1/31/2013,455.49,27.45
2/1/2013,453.62,27.93
2/4/2013,442.32,27.44
2/5/2013,457.84,27.5
2/6/2013,457.35,27.34
2/7/2013,468.22,27.28
2/8/2013,474.98,27.55
2/11/2013,479.93,27.86
2/12/2013,467.9,27.88
2/13/2013,467.01,28.03
2/14/2013,466.59,28.04
2/15/2013,460.16,28.01
2/19/2013,459.99,28.05
2/20/2013,448.85,27.87
2/21/2013,446.06,27.49
2/22/2013,450.81,27.76
2/25/2013,442.8,27.37
2/26/2013,448.97,27.37
2/27/2013,444.57,27.81
2/28/2013,441.4,27.8
3/1/2013,430.47,27.95
3/4/2013,420.05,28.15
3/5/2013,431.14,28.35
3/6/2013,425.66,28.09
3/7/2013,430.58,28.14
3/8/2013,431.72,28
3/11/2013,437.87,27.87
3/12/2013,428.43,27.91
3/13/2013,428.35,27.92
3/14/2013,432.5,28.14
3/15/2013,443.66,28.04
3/18/2013,455.72,28.1
3/19/2013,454.49,28.18
3/20/2013,452.08,28.32
3/21/2013,452.73,28.11
3/22/2013,461.91,28.25
3/25/2013,463.58,28.16
3/26/2013,461.14,28.16
3/27/2013,452.08,28.37
3/28/2013,442.66,28.61
4/1/2013,428.91,28.61
4/2/2013,429.79,28.8
4/3/2013,431.99,28.56
4/4/2013,427.72,28.6
4/5/2013,423.2,28.7
4/8/2013,426.21,28.59
4/9/2013,426.98,29.61
4/10/2013,435.69,30.28
4/11/2013,434.33,28.94
4/12/2013,429.8,28.79
4/15/2013,419.85,28.69
4/16/2013,426.24,28.97
4/17/2013,402.8,28.83
4/18/2013,392.05,28.79
4/19/2013,390.53,29.77
4/22/2013,398.67,30.83
4/23/2013,406.13,30.6
4/24/2013,405.46,31.76
4/25/2013,408.38,31.94
4/26/2013,417.2,31.79
4/29/2013,430.12,32.61
4/30/2013,442.78,33.1
5/1/2013,439.29,32.72
5/2/2013,445.52,33.16
5/3/2013,449.98,33.49
5/6/2013,460.71,33.75
5/7/2013,458.66,33.31
5/8/2013,463.84,32.99
5/9/2013,456.77,32.66
5/10/2013,452.97,32.69
5/13/2013,454.74,33.03
5/14/2013,443.86,33.53
5/15/2013,428.85,33.85
5/16/2013,434.58,34.08
5/17/2013,433.26,34.87
5/20/2013,442.93,35.08
5/21/2013,439.66,34.85
5/22/2013,441.35,34.61
5/23/2013,442.14,34.15
5/24/2013,445.15,34.27
5/28/2013,441.44,35.02
5/29/2013,444.95,34.88
5/30/2013,451.58,35.03
5/31/2013,449.73,34.9
6/3/2013,450.72,35.59
6/4/2013,449.31,34.99
6/5/2013,445.11,34.78
6/6/2013,438.46,34.96
6/7/2013,441.81,35.67
6/10/2013,438.89,35.47
6/11/2013,437.6,34.84
6/12/2013,432.19,35
6/13/2013,435.96,34.72
6/14/2013,430.05,34.4
6/17/2013,432,35
6/18/2013,431.77,34.98
6/19/2013,423,34.59
6/20/2013,416.84,33.49
6/21/2013,413.5,33.27
6/24/2013,402.54,33.72
6/25/2013,402.63,33.67
6/26/2013,398.07,34.35
6/27/2013,393.78,34.62
6/28/2013,396.53,34.54
7/1/2013,409.22,34.36
7/2/2013,418.49,33.94
7/3/2013,420.8,34.01
7/5/2013,417.42,34.21
7/8/2013,415.05,34.33
7/9/2013,422.35,34.35
7/10/2013,420.73,34.7
7/11/2013,427.29,35.69
7/12/2013,426.51,35.67
7/15/2013,427.44,36.17
7/16/2013,430.2,36.27
7/17/2013,430.31,35.74
7/18/2013,431.76,35.44
7/19/2013,424.95,31.4
7/22/2013,426.31,32.01
7/23/2013,418.99,31.82
7/24/2013,440.51,31.96
7/25/2013,438.5,31.39
7/26/2013,440.99,31.62
7/29/2013,447.79,31.54
7/30/2013,453.32,31.85
7/31/2013,452.53,31.84
8/1/2013,456.68,31.67
8/2/2013,462.54,31.89
8/5/2013,469.45,31.7
8/6/2013,465.25,31.58
8/7/2013,464.98,32.06
8/8/2013,461.01,32.89
8/9/2013,454.45,32.7
8/12/2013,467.36,32.87
8/13/2013,489.57,32.23
8/14/2013,498.5,32.35
8/15/2013,497.91,31.79
8/16/2013,502.33,31.8
8/19/2013,507.74,31.39
8/20/2013,501.07,31.62
8/21/2013,502.36,31.61
8/22/2013,502.96,32.39
8/23/2013,501.02,34.75
8/26/2013,502.97,34.15
8/27/2013,488.59,33.26
8/28/2013,490.9,33.02
8/29/2013,491.7,33.55
8/30/2013,487.22,33.4
9/3/2013,488.58,31.88
9/4/2013,498.69,31.2
9/5/2013,495.27,31.23
9/6/2013,498.22,31.15
9/9/2013,506.17,31.66
9/10/2013,494.64,32.39
9/11/2013,467.71,32.74
9/12/2013,472.69,32.69
9/13/2013,464.9,33.03
9/16/2013,450.12,32.8
9/17/2013,455.32,32.93
9/18/2013,464.68,33.32
9/19/2013,472.3,33.64
9/20/2013,467.41,32.79
9/23/2013,490.64,32.74
9/24/2013,489.1,32.45
9/25/2013,481.53,32.51
9/26/2013,486.22,32.77
9/27/2013,482.75,33.27
9/30/2013,476.75,33.28
10/1/2013,487.96,33.58
10/2/2013,489.56,33.92
10/3/2013,483.41,33.86
10/4/2013,483.03,33.88
10/7/2013,487.75,33.3
10/8/2013,480.94,33.01
10/9/2013,486.59,33.07
10/10/2013,489.64,33.76
10/11/2013,492.81,34.13
10/14/2013,496.04,34.45
10/15/2013,498.68,34.49
10/16/2013,501.11,34.64
10/17/2013,504.5,34.92
10/18/2013,508.89,34.96
10/21/2013,521.36,34.99
10/22/2013,519.87,34.58
10/23/2013,524.96,33.76
10/24/2013,531.91,33.72
10/25/2013,525.96,35.73
10/28/2013,529.88,35.57
10/29/2013,516.68,35.52
10/30/2013,524.9,35.54
10/31/2013,522.7,35.41
11/1/2013,520.03,35.53
11/4/2013,526.75,35.94
11/5/2013,525.45,36.64
11/6/2013,520.92,38.18
11/7/2013,512.49,37.5
11/8/2013,520.56,37.78
11/11/2013,519.05,37.59
11/12/2013,520.01,37.36
11/13/2013,520.63,38.16
11/14/2013,528.16,38.02
11/15/2013,524.99,37.84
11/18/2013,518.63,37.2
11/19/2013,519.55,36.74
11/20/2013,515,37.08
11/21/2013,521.14,37.4
11/22/2013,519.8,37.57
11/25/2013,523.74,37.64
11/26/2013,533.4,37.35
11/27/2013,545.96,37.6
11/29/2013,556.07,38.13
12/2/2013,551.23,38.45
12/3/2013,566.32,38.31
12/4/2013,565,38.94
12/5/2013,567.9,38
12/6/2013,560.02,38.36
12/9/2013,566.43,38.71
12/10/2013,565.55,38.11
12/11/2013,561.36,37.61
12/12/2013,560.54,37.22
12/13/2013,554.43,36.69
12/16/2013,557.5,36.89
12/17/2013,554.99,36.52
12/18/2013,550.77,36.58
12/19/2013,544.46,36.25
12/20/2013,549.02,36.8
12/23/2013,570.09,36.62
12/24/2013,567.67,37.08
12/26/2013,563.9,37.44
12/27/2013,560.09,37.29
12/30/2013,554.52,37.29
12/31/2013,561.02,37.41
1/2/2014,553.13,37.16
1/3/2014,540.98,36.91
1/6/2014,543.93,36.13
1/7/2014,540.04,36.41
1/8/2014,543.46,35.76
1/9/2014,536.52,35.53
1/10/2014,532.94,36.04
1/13/2014,535.73,34.98
1/14/2014,546.39,35.78
1/15/2014,557.36,36.76
1/16/2014,554.25,36.89
1/17/2014,540.67,36.38
1/21/2014,549.07,36.17
1/22/2014,551.51,35.93
1/23/2014,556.18,36.06
1/24/2014,546.07,36.81
1/27/2014,550.5,36.03
1/28/2014,506.5,36.27
1/29/2014,500.75,36.66
1/30/2014,499.78,36.86
1/31/2014,500.6,37.84
2/3/2014,501.53,36.48
2/4/2014,508.79,36.35
2/5/2014,512.59,35.82
2/6/2014,512.51,36.18
2/7/2014,519.68,36.56
2/10/2014,528.99,36.8
2/11/2014,535.96,37.17
2/12/2014,535.92,37.47
2/13/2014,544.43,37.61
2/14/2014,543.99,37.62
2/18/2014,545.99,37.42
2/19/2014,537.37,37.51
2/20/2014,531.15,37.75
2/21/2014,525.25,37.98
2/24/2014,527.55,37.69
2/25/2014,522.06,37.54
2/26/2014,517.35,37.47
2/27/2014,527.67,37.86
2/28/2014,526.24,38.31
3/3/2014,527.76,37.78
3/4/2014,531.24,38.41
3/5/2014,532.36,38.11
3/6/2014,530.75,38.15
3/7/2014,530.44,37.9
3/10/2014,530.92,37.82
3/11/2014,536.09,38.02
3/12/2014,536.61,38.27
3/13/2014,530.65,37.89
3/14/2014,524.69,37.7
3/17/2014,526.74,38.05
3/18/2014,531.4,39.55
3/19/2014,531.26,39.27
3/20/2014,528.7,40.33
3/21/2014,532.87,40.16
3/24/2014,539.19,40.5
3/25/2014,544.99,40.34
3/26/2014,539.78,39.79
3/27/2014,537.46,39.36
3/28/2014,536.86,40.3
3/31/2014,536.74,40.99
4/1/2014,541.65,41.42
4/2/2014,542.55,41.35
4/3/2014,538.79,41.01
4/4/2014,531.82,39.87
4/7/2014,523.47,39.8
4/8/2014,523.44,39.82
4/9/2014,530.32,40.47
4/10/2014,523.48,39.36
4/11/2014,519.61,39.21
4/14/2014,521.68,39.18
4/15/2014,517.96,39.75
4/16/2014,519.01,40.4
4/17/2014,524.94,40.01
4/21/2014,531.17,39.94
4/22/2014,531.7,39.99
4/23/2014,524.75,39.69
4/24/2014,567.77,39.86
4/25/2014,571.94,39.91
4/28/2014,594.09,40.87
4/29/2014,592.33,40.51
4/30/2014,590.09,40.4
5/1/2014,591.48,40
5/2/2014,592.58,39.69
5/5/2014,600.96,39.43
5/6/2014,594.41,39.06
5/7/2014,592.33,39.42
5/8/2014,587.99,39.64
5/9/2014,585.54,39.54
5/12/2014,592.83,39.97
5/13/2014,593.76,40.42
5/14/2014,593.87,40.24
5/15/2014,588.82,39.6
5/16/2014,597.51,39.83
5/19/2014,604.59,39.75
5/20/2014,604.71,39.68
5/21/2014,606.31,40.35
5/22/2014,607.27,40.1
5/23/2014,614.13,40.12
5/27/2014,625.63,40.19
5/28/2014,624.01,40.01
5/29/2014,635.38,40.34
5/30/2014,633,40.94
6/2/2014,628.65,40.79
6/3/2014,637.54,40.29
6/4/2014,644.82,40.32
6/5/2014,647.35,41.21
6/6/2014,645.57,41.48
6/9/2014,93.7,41.27
6/10/2014,94.25,41.11
6/11/2014,93.86,40.86
6/12/2014,92.29,40.58
6/13/2014,91.28,41.23
6/16/2014,92.2,41.5
6/17/2014,92.08,41.68
6/18/2014,92.18,41.65
6/19/2014,91.86,41.51
6/20/2014,90.91,41.68
6/23/2014,90.83,41.99
6/24/2014,90.28,41.75
6/25/2014,90.36,42.03
6/26/2014,90.9,41.72
6/27/2014,91.98,42.25
6/30/2014,92.93,41.7
7/1/2014,93.52,41.87
7/2/2014,93.48,41.9
7/3/2014,94.03,41.8
7/7/2014,95.97,41.99
7/8/2014,95.35,41.78
7/9/2014,95.39,41.67
7/10/2014,95.04,41.69
7/11/2014,95.22,42.09
7/14/2014,96.45,42.14
7/15/2014,95.32,42.45
7/16/2014,94.78,44.08
7/17/2014,93.09,44.53
7/18/2014,94.43,44.69
7/21/2014,93.94,44.84
7/22/2014,94.72,44.83
7/23/2014,97.19,44.87
7/24/2014,97.03,44.4
7/25/2014,97.67,44.5
7/28/2014,99.02,43.97
7/29/2014,98.38,43.89
7/30/2014,98.15,43.58
7/31/2014,95.6,43.16
8/1/2014,96.13,42.86
8/4/2014,95.59,43.37
8/5/2014,95.12,43.08
8/6/2014,94.96,42.74
8/7/2014,94.48,43.23
8/8/2014,94.74,43.2
8/11/2014,95.99,43.2
8/12/2014,95.97,43.52
8/13/2014,97.24,44.08
8/14/2014,97.5,44.27
8/15/2014,97.98,44.79
8/18/2014,99.16,45.11
8/19/2014,100.53,45.33
8/20/2014,100.57,44.95
8/21/2014,100.58,45.22
8/22/2014,101.32,45.15
8/25/2014,101.54,45.17
8/26/2014,100.89,45.01
8/27/2014,102.13,44.87
8/28/2014,102.25,44.88
8/29/2014,102.5,45.43
9/2/2014,103.3,45.09
9/3/2014,98.94,44.96
9/4/2014,98.12,45.26
9/5/2014,98.97,45.91
9/8/2014,98.36,46.47
9/9/2014,97.99,46.76
9/10/2014,101,46.84
9/11/2014,101.43,47
9/12/2014,101.66,46.7
9/15/2014,101.63,46.24
9/16/2014,100.86,46.76
9/17/2014,101.58,46.52
9/18/2014,101.79,46.68
9/19/2014,100.96,47.52
9/22/2014,101.06,47.06
9/23/2014,102.64,46.56
9/24/2014,101.75,47.08
9/25/2014,97.87,46.04
9/26/2014,100.75,46.41
9/29/2014,100.11,46.44
9/30/2014,100.75,46.36
10/1/2014,99.18,45.9
10/2/2014,99.9,45.76
10/3/2014,99.62,46.09
10/6/2014,99.62,46.09
10/7/2014,98.75,45.53
10/8/2014,100.8,46.78
10/9/2014,101.02,45.85
10/10/2014,100.73,44.03
10/13/2014,99.81,43.65
10/14/2014,98.75,43.73
10/15/2014,97.54,43.22
10/16/2014,96.26,42.74
10/17/2014,97.67,43.63
10/20/2014,99.76,44.08
10/21/2014,102.47,44.88
10/22/2014,102.99,44.38
10/23/2014,104.83,45.02
10/24/2014,105.22,46.13
10/27/2014,105.11,45.91
10/28/2014,106.74,46.49
10/29/2014,107.34,46.62
10/30/2014,106.98,46.05
10/31/2014,108,46.95
11/3/2014,109.4,47.44
11/4/2014,108.6,47.57
11/5/2014,108.86,47.86
11/6/2014,108.7,48.7
11/7/2014,109.01,48.68
11/10/2014,108.83,48.89
11/11/2014,109.7,48.87
11/12/2014,111.25,48.78
11/13/2014,112.82,49.61
11/14/2014,114.18,49.58
11/17/2014,113.99,49.46
11/18/2014,115.47,48.74
11/19/2014,114.67,48.22
11/20/2014,116.31,48.7
11/21/2014,116.47,47.98
11/24/2014,118.63,47.59
11/25/2014,117.6,47.47
11/26/2014,119,47.75
11/28/2014,118.93,47.81
12/1/2014,115.07,48.62
12/2/2014,114.63,48.46
12/3/2014,115.93,48.08
12/4/2014,115.49,48.84
12/5/2014,115,48.42
12/8/2014,112.4,47.7
12/9/2014,114.12,47.59
12/10/2014,111.95,46.9
12/11/2014,111.62,47.17
12/12/2014,109.73,46.95
12/15/2014,108.23,46.67
12/16/2014,106.75,45.16
12/17/2014,109.41,45.74
12/18/2014,112.65,47.52
12/19/2014,111.78,47.66
12/22/2014,112.94,47.98
12/23/2014,112.54,48.45
12/24/2014,112.01,48.14
12/26/2014,113.99,47.88
12/29/2014,113.91,47.45
12/30/2014,112.52,47.02
12/31/2014,110.38,46.45
1/2/2015,109.33,46.76
1/5/2015,106.25,46.33
1/6/2015,106.26,45.65
1/7/2015,107.75,46.23
1/8/2015,111.89,47.59
1/9/2015,112.01,47.19
1/12/2015,109.25,46.6
1/13/2015,110.22,46.36
1/14/2015,109.8,45.96
1/15/2015,106.82,45.48
1/16/2015,105.99,46.24
1/20/2015,108.72,46.39
1/21/2015,109.55,45.92
1/22/2015,112.4,47.13
1/23/2015,112.98,47.18
1/26/2015,113.1,47.01
1/27/2015,109.14,42.66
1/28/2015,115.31,41.19
1/29/2015,118.9,42.01
1/30/2015,117.16,40.4
2/2/2015,118.63,41.28
2/3/2015,118.65,41.6
2/4/2015,119.56,41.84
2/5/2015,119.94,42.45
2/6/2015,118.93,42.41
2/9/2015,119.72,42.36
2/10/2015,122.02,42.6
2/11/2015,124.88,42.38
2/12/2015,126.46,43.09
2/13/2015,127.08,43.87
2/17/2015,127.83,43.58
2/18/2015,128.72,43.53
2/19/2015,128.45,43.5
2/20/2015,129.5,43.86
2/23/2015,133,44.15
2/24/2015,132.17,44.09
2/25/2015,128.79,43.99
2/26/2015,130.42,44.06
2/27/2015,128.46,43.85
3/2/2015,129.09,43.88
3/3/2015,129.36,43.28
3/4/2015,128.54,43.06
3/5/2015,126.41,43.11
3/6/2015,126.6,42.36
3/9/2015,127.14,42.85
3/10/2015,124.51,42.03
3/11/2015,122.24,41.98
3/12/2015,124.45,41.02
3/13/2015,123.59,41.38
3/16/2015,124.95,41.56
3/17/2015,127.04,41.7
3/18/2015,128.47,42.5
3/19/2015,127.5,42.29
3/20/2015,125.9,42.88
3/23/2015,127.21,42.86
3/24/2015,126.69,42.9
3/25/2015,123.38,41.46
3/26/2015,124.24,41.21
3/27/2015,123.25,40.97
3/30/2015,126.37,40.96
3/31/2015,124.43,40.66
4/1/2015,124.25,40.72
4/2/2015,125.32,40.29
4/6/2015,127.35,41.55
4/7/2015,126.01,41.53
4/8/2015,125.6,41.42
4/9/2015,126.56,41.48
4/10/2015,127.1,41.72
4/13/2015,126.85,41.76
4/14/2015,126.3,41.65
4/15/2015,126.78,42.26
4/16/2015,126.17,42.16
4/17/2015,124.75,41.62
4/20/2015,127.6,42.91
4/21/2015,126.91,42.64
4/22/2015,128.62,42.99
4/23/2015,129.67,43.34
4/24/2015,130.28,47.87
4/27/2015,132.65,48.03
4/28/2015,130.56,49.16
4/29/2015,128.64,49.06
4/30/2015,125.15,48.64
5/1/2015,128.95,48.66
5/4/2015,128.7,48.24
5/5/2015,125.8,47.6
5/6/2015,125.01,46.28
5/7/2015,125.26,46.7
5/8/2015,127.62,47.75
5/11/2015,126.32,47.37
5/12/2015,125.87,47.35
5/13/2015,126.01,47.63
5/14/2015,128.95,48.72
5/15/2015,128.77,48.3
5/18/2015,130.19,48.01
5/19/2015,130.07,47.58
5/20/2015,130.06,47.58
5/21/2015,131.39,47.42
5/22/2015,132.54,46.9
5/26/2015,129.62,46.59
5/27/2015,132.04,47.61
5/28/2015,131.78,47.45
5/29/2015,130.28,46.86
6/1/2015,130.54,47.23
6/2/2015,129.96,46.92
6/3/2015,130.12,46.85
6/4/2015,129.36,46.36
6/5/2015,128.65,46.14
6/8/2015,127.8,45.73
6/9/2015,127.42,45.65
6/10/2015,128.88,46.61
6/11/2015,128.59,46.44
6/12/2015,127.17,45.97
6/15/2015,126.92,45.48
6/16/2015,127.6,45.83
6/17/2015,127.3,45.97
6/18/2015,127.88,46.72
6/19/2015,126.6,46.1
6/22/2015,127.61,46.23
6/23/2015,127.03,45.91
6/24/2015,128.11,45.64
6/25/2015,127.5,45.65
6/26/2015,126.75,45.26
6/29/2015,124.53,44.37
6/30/2015,125.43,44.15
7/1/2015,126.6,44.45
7/2/2015,126.44,44.4
7/6/2015,126,44.39
7/7/2015,125.69,44.3
7/8/2015,122.57,44.24
7/9/2015,120.07,44.52
7/10/2015,123.28,44.61
7/13/2015,125.66,45.54
7/14/2015,125.61,45.62
7/15/2015,126.82,45.76
7/16/2015,128.51,46.66
7/17/2015,129.62,46.62
7/20/2015,132.07,46.92
7/21/2015,130.75,47.28
7/22/2015,125.22,45.54
7/23/2015,125.16,46.11
7/24/2015,124.5,45.94
7/27/2015,122.77,45.35
7/28/2015,123.38,45.34
7/29/2015,122.99,46.29
7/30/2015,122.37,46.88
7/31/2015,121.3,46.7
8/3/2015,118.44,46.81
8/4/2015,114.64,47.54
8/5/2015,115.4,47.58
8/6/2015,115.13,46.62
8/7/2015,115.52,46.74
8/10/2015,119.72,47.33
8/11/2015,113.49,46.41
8/12/2015,115.24,46.74
8/13/2015,115.15,46.73
8/14/2015,115.96,47
8/17/2015,117.16,47.32
8/18/2015,116.5,47.27
8/19/2015,115.01,46.61
8/20/2015,112.65,45.66
8/21/2015,105.76,43.07
8/24/2015,103.12,41.68
8/25/2015,103.74,40.47
8/26/2015,109.69,42.71
8/27/2015,112.92,43.9
8/28/2015,113.29,43.93
8/31/2015,112.76,43.52
9/1/2015,107.72,41.82
9/2/2015,112.34,43.36
9/3/2015,110.37,43.5
9/4/2015,109.27,42.61
9/8/2015,112.31,43.89
9/9/2015,110.15,43.07
9/10/2015,112.57,43.29
9/11/2015,114.21,43.48
9/14/2015,115.31,43.04
9/15/2015,116.28,43.98
9/16/2015,116.41,44.3
9/17/2015,113.92,44.25
9/18/2015,113.45,43.48
9/21/2015,115.21,44.11
9/22/2015,113.4,43.9
9/23/2015,114.32,43.87
9/24/2015,115,43.91
9/25/2015,114.71,43.94
9/28/2015,112.44,43.29
9/29/2015,109.06,43.44
9/30/2015,110.3,44.26
10/1/2015,109.58,44.61
10/2/2015,110.38,45.57
10/5/2015,110.78,46.63
10/6/2015,111.31,46.75
10/7/2015,110.78,46.8
10/8/2015,109.5,47.45
10/9/2015,112.12,47.11
10/12/2015,111.6,47
10/13/2015,111.79,46.89
10/14/2015,110.21,46.68
10/15/2015,111.86,47.01
10/16/2015,111.04,47.51
10/19/2015,111.73,47.62
10/20/2015,113.77,47.77
10/21/2015,113.76,47.2
10/22/2015,115.5,48.03
10/23/2015,119.08,52.87
10/26/2015,115.28,54.25
10/27/2015,114.55,53.69
10/28/2015,119.27,53.98
10/29/2015,120.53,53.36
10/30/2015,119.5,52.64
11/2/2015,121.18,53.24
11/3/2015,122.57,54.15
11/4/2015,122,54.4
11/5/2015,120.92,54.38
11/6/2015,121.06,54.92
11/9/2015,120.57,54.16
11/10/2015,116.77,53.51
11/11/2015,116.11,53.65
11/12/2015,115.72,53.32
11/13/2015,112.34,52.84
11/16/2015,114.18,53.77
11/17/2015,113.69,52.97
11/18/2015,117.29,53.85
11/19/2015,118.78,53.94
11/20/2015,119.3,54.19
11/23/2015,117.75,54.19
11/24/2015,118.88,54.25
11/25/2015,118.03,53.69
11/27/2015,117.81,53.93
11/30/2015,118.3,54.35
12/1/2015,117.34,55.22
12/2/2015,116.28,55.21
12/3/2015,115.2,54.2
12/4/2015,119.03,55.91
12/7/2015,118.28,55.81
12/8/2015,118.23,55.79
12/9/2015,115.62,54.98
12/10/2015,116.17,55.27
12/11/2015,113.18,54.06
12/14/2015,112.48,55.14
12/15/2015,110.49,55.2
12/16/2015,111.34,56.13
12/17/2015,108.98,55.7
12/18/2015,106.03,54.13
12/21/2015,107.33,54.83
12/22/2015,107.23,55.35
12/23/2015,108.61,55.82
12/24/2015,108.03,55.67
12/28/2015,106.82,55.95
12/29/2015,108.74,56.55
12/30/2015,107.32,56.31
12/31/2015,105.26,55.48
1/4/2016,105.35,54.8
1/5/2016,102.71,55.05
1/6/2016,100.7,54.05
1/7/2016,96.45,52.17
1/8/2016,96.96,52.33
1/11/2016,98.53,52.3
1/12/2016,99.96,52.78
1/13/2016,97.39,51.64
1/14/2016,99.52,53.11
1/15/2016,97.13,50.99
1/19/2016,96.66,50.56
1/20/2016,96.79,50.79
1/21/2016,96.3,50.48
1/22/2016,101.42,52.29
1/25/2016,99.44,51.79
1/26/2016,99.99,52.17
1/27/2016,93.42,51.22
1/28/2016,94.09,52.06
1/29/2016,97.34,55.09
2/1/2016,96.43,54.71
2/2/2016,94.48,53
2/3/2016,96.35,52.16
2/4/2016,96.6,52
2/5/2016,94.02,50.16
2/8/2016,95.01,49.41
2/9/2016,94.99,49.28
2/10/2016,94.27,49.71
2/11/2016,93.7,49.69
2/12/2016,93.99,50.5
2/16/2016,96.64,51.09
2/17/2016,98.12,52.42
2/18/2016,96.26,52.19
2/19/2016,96.04,51.82
2/22/2016,96.88,52.65
2/23/2016,94.69,51.18
2/24/2016,96.1,51.36
2/25/2016,96.76,52.1
2/26/2016,96.91,51.3
2/29/2016,96.69,50.88
3/1/2016,100.53,52.58
3/2/2016,100.75,52.95
3/3/2016,101.5,52.35
3/4/2016,103.01,52.03
3/7/2016,101.87,51.03
3/8/2016,101.03,51.65
3/9/2016,101.12,52.84
3/10/2016,101.17,52.05
3/11/2016,102.26,53.07
3/14/2016,102.52,53.17
3/15/2016,104.58,53.59
3/16/2016,105.97,54.35
3/17/2016,105.8,54.66
3/18/2016,105.92,53.49
3/21/2016,105.91,53.86
3/22/2016,106.72,54.07
3/23/2016,106.13,53.97
3/24/2016,105.67,54.21
3/28/2016,105.19,53.54
3/29/2016,107.68,54.71
3/30/2016,109.56,55.05
3/31/2016,108.99,55.23
4/1/2016,109.99,55.57
4/4/2016,111.12,55.43
4/5/2016,109.81,54.56
4/6/2016,110.96,55.12
4/7/2016,108.54,54.46
4/8/2016,108.66,54.42
4/11/2016,109.02,54.31
4/12/2016,110.44,54.65
4/13/2016,112.04,55.35
4/14/2016,112.1,55.36
4/15/2016,109.85,55.65
4/18/2016,107.48,56.46
4/19/2016,106.91,56.39
4/20/2016,107.13,55.59
4/21/2016,105.97,55.78
4/22/2016,105.68,51.78
4/25/2016,105.08,52.11
4/26/2016,104.35,51.44
4/27/2016,97.82,50.94
4/28/2016,94.83,49.9
4/29/2016,93.74,49.87
5/2/2016,93.64,50.61
5/3/2016,95.18,49.78
5/4/2016,94.19,49.87
5/5/2016,93.24,49.94
5/6/2016,92.72,50.39
5/9/2016,92.79,50.07
5/10/2016,93.42,51.02
5/11/2016,92.51,51.05
5/12/2016,90.34,51.51
5/13/2016,90.52,51.08
5/16/2016,93.88,51.83
5/17/2016,93.49,50.51
5/18/2016,94.56,50.81
5/19/2016,94.2,50.32
5/20/2016,95.22,50.62
5/23/2016,96.43,50.03
5/24/2016,97.9,51.59
5/25/2016,99.62,52.12
5/26/2016,100.41,51.89
5/27/2016,100.35,52.32
5/31/2016,99.86,53
6/1/2016,98.46,52.85
6/2/2016,97.72,52.48
6/3/2016,97.92,51.79
6/6/2016,98.63,52.13
6/7/2016,99.03,52.1
6/8/2016,98.94,52.04
6/9/2016,99.65,51.62
6/10/2016,98.83,51.48
6/13/2016,97.34,50.14
6/14/2016,97.46,49.83
6/15/2016,97.14,49.69
6/16/2016,97.55,50.39
6/17/2016,95.33,50.13
6/20/2016,95.1,50.07
6/21/2016,95.91,51.19
6/22/2016,95.55,50.99
6/23/2016,96.1,51.91
6/24/2016,93.4,49.83
6/27/2016,92.04,48.43
6/28/2016,93.59,49.44
6/29/2016,94.4,50.54
6/30/2016,95.6,51.17
7/1/2016,95.89,51.16
7/5/2016,94.99,51.17
7/6/2016,95.53,51.38
7/7/2016,95.94,51.38
7/8/2016,96.68,52.3
7/11/2016,96.98,52.59
7/12/2016,97.42,53.21
7/13/2016,96.87,53.51
7/14/2016,98.79,53.74
7/15/2016,98.78,53.7
7/18/2016,99.83,53.96
7/19/2016,99.87,53.09
7/20/2016,99.96,55.91
7/21/2016,99.43,55.8
7/22/2016,98.66,56.57
7/25/2016,97.34,56.73
7/26/2016,96.67,56.76
7/27/2016,102.95,56.19
7/28/2016,104.34,56.21
7/29/2016,104.21,56.68
8/1/2016,106.05,56.58
8/2/2016,104.48,56.58
8/3/2016,105.79,56.97
8/4/2016,105.87,57.39
8/5/2016,107.48,57.96
8/8/2016,108.37,58.06
8/9/2016,108.81,58.2
8/10/2016,108,58.02
8/11/2016,107.93,58.3
8/12/2016,108.18,57.94
8/15/2016,109.48,58.12
8/16/2016,109.38,57.44
8/17/2016,109.22,57.56
8/18/2016,109.08,57.6
8/19/2016,109.36,57.62
8/22/2016,108.51,57.67
8/23/2016,108.85,57.89
8/24/2016,108.03,57.95
8/25/2016,107.57,58.17
8/26/2016,106.94,58.03
8/29/2016,106.82,58.1
8/30/2016,106,57.89
8/31/2016,106.1,57.46
9/1/2016,106.73,57.59
9/2/2016,107.73,57.67
9/6/2016,107.7,57.61
9/7/2016,108.36,57.66
9/8/2016,105.52,57.43
9/9/2016,103.13,56.21
9/12/2016,105.44,57.05
9/13/2016,107.95,56.53
9/14/2016,111.77,56.26
9/15/2016,115.57,57.19
9/16/2016,114.92,57.25
9/19/2016,113.58,56.93
9/20/2016,113.57,56.81
9/21/2016,113.55,57.76
9/22/2016,114.62,57.82
9/23/2016,112.71,57.43
9/26/2016,112.88,56.9
9/27/2016,113.09,57.95
9/28/2016,113.95,58.03
9/29/2016,112.18,57.4
9/30/2016,113.05,57.6
10/3/2016,112.52,57.42
10/4/2016,113,57.24
10/5/2016,113.05,57.64
10/6/2016,113.89,57.74
10/7/2016,114.06,57.8
10/10/2016,116.05,58.04
10/11/2016,116.3,57.19
10/12/2016,117.34,57.11
10/13/2016,116.98,56.92
10/14/2016,117.63,57.42
10/17/2016,117.55,57.22
10/18/2016,117.47,57.66
10/19/2016,117.12,57.53
10/20/2016,117.06,57.25
10/21/2016,116.6,59.66
10/24/2016,117.65,61
10/25/2016,118.25,60.99
10/26/2016,115.59,60.63
10/27/2016,114.48,60.1
10/28/2016,113.72,59.87
10/31/2016,113.54,59.92
11/1/2016,111.49,59.8
11/2/2016,111.59,59.43
11/3/2016,109.83,59.21
11/4/2016,108.84,58.71
11/7/2016,110.41,60.42
11/8/2016,111.06,60.47
11/9/2016,110.88,60.17
11/10/2016,107.79,58.7
11/11/2016,108.43,59.02
11/14/2016,105.71,58.12
11/15/2016,107.11,58.87
11/16/2016,109.99,59.65
11/17/2016,109.95,60.64
11/18/2016,110.06,60.35
11/21/2016,111.73,60.86
11/22/2016,111.8,61.12
11/23/2016,111.23,60.4
11/25/2016,111.79,60.53
11/28/2016,111.57,60.61
11/29/2016,111.46,61.09
11/30/2016,110.52,60.26
12/1/2016,109.49,59.2
12/2/2016,109.9,59.25
12/5/2016,109.11,60.22
12/6/2016,109.95,59.95
12/7/2016,111.03,61.37
12/8/2016,112.12,61.01
12/9/2016,113.95,61.97
12/12/2016,113.3,62.17
12/13/2016,115.19,62.98
12/14/2016,115.19,62.68
12/15/2016,115.82,62.58
12/16/2016,115.97,62.3
12/19/2016,116.64,63.62
12/20/2016,116.95,63.54
12/21/2016,117.06,63.54
12/22/2016,116.29,63.55
12/23/2016,116.52,63.24
12/27/2016,117.26,63.28
12/28/2016,116.76,62.99
12/29/2016,116.73,62.9
12/30/2016,115.82,62.14
1/3/2017,116.15,62.58
1/4/2017,116.02,62.3
1/5/2017,116.61,62.3
1/6/2017,117.91,62.84
1/9/2017,118.99,62.64
1/10/2017,119.11,62.62
1/11/2017,119.75,63.19
1/12/2017,119.25,62.61
1/13/2017,119.04,62.7
1/17/2017,120,62.53
1/18/2017,119.99,62.5
1/19/2017,119.78,62.3
1/20/2017,120,62.74
1/23/2017,120.08,62.96
1/24/2017,119.97,63.52
1/25/2017,121.88,63.68
1/26/2017,121.94,64.27
1/27/2017,121.95,65.78
1/30/2017,121.63,65.13
1/31/2017,121.35,64.65
2/1/2017,128.75,63.58
2/2/2017,128.53,63.17
2/3/2017,129.08,63.68
2/6/2017,130.29,63.64
2/7/2017,131.53,63.43
2/8/2017,132.04,63.34
2/9/2017,132.42,64.06
2/10/2017,132.12,64
2/13/2017,133.29,64.72
2/14/2017,135.02,64.57
2/15/2017,135.51,64.53
2/16/2017,135.35,64.52
2/17/2017,135.72,64.62
2/21/2017,136.7,64.49
2/22/2017,137.11,64.36
2/23/2017,136.53,64.62
2/24/2017,136.66,64.62
2/27/2017,136.93,64.23
2/28/2017,136.99,63.98
3/1/2017,139.79,64.94
3/2/2017,138.96,64.01
3/3/2017,139.78,64.25
3/6/2017,139.34,64.27
3/7/2017,139.52,64.4
3/8/2017,139,64.99
3/9/2017,138.68,64.73
3/10/2017,139.14,64.93
3/13/2017,139.2,64.71
3/14/2017,138.99,64.41
3/15/2017,140.46,64.75
3/16/2017,140.69,64.64
3/17/2017,139.99,64.87
3/20/2017,141.46,64.93
3/21/2017,139.84,64.21
3/22/2017,141.42,65.03
3/23/2017,140.92,64.87
3/24/2017,140.64,64.98
3/27/2017,140.88,65.1
3/28/2017,143.8,65.29
3/29/2017,144.12,65.47
3/30/2017,143.93,65.71
3/31/2017,143.66,65.86
4/3/2017,143.7,65.55
4/4/2017,144.77,65.73
4/5/2017,144.02,65.56
4/6/2017,143.66,65.73
4/7/2017,143.34,65.68
4/10/2017,143.17,65.53
4/11/2017,141.63,65.48
4/12/2017,141.8,65.23
4/13/2017,141.05,64.95
4/17/2017,141.83,65.48
4/18/2017,141.2,65.39
4/19/2017,140.68,65.04
4/20/2017,142.44,65.5
4/21/2017,142.27,66.4
